{
    "Columbia": [
        -124.85,
        44.450958,
        -116.00,
        49.181764
    ],
    "Missouri": [
        -109.431052,
        40.955164,
        -96.00,
        49.496244
    ],
    "Colorado": [
        -117.075045,
        31.021076,
        -104.948900,
        43.197409
    ],
    "Tennessee": [
        -90.62,
        33.75,
        -81.0,
        37.99
    ]
}
