{
    "Columbia": [
        -125.25,
        40.950958,
        -109.50,
        53.181764
    ],
    "Missouri": [
        -114.331052,
        36.955164,
        -90.00,
        50.281764
    ],
    "Colorado": [
        -117.075045,
        29.521076,
        -104.948900,
        43.597409
    ],
    "Tennessee": [
        -89.32,
        33.75,
        -81.0,
        37.99
    ]
}
