{
    "low_rt":{
        "params":[
            0.0,
            0.9292549823665613,
            0.17208524949609647,
            0.3257472475520154,
            -0.09922142239679056,
            0.0017227208123728587,
            0.04780979984433826,
            -0.3190625129027869
        ]
    },
    "ror":{
        "params":[
            0.0,
            1.3796956632814235,
            0.14304129661540205,
            0.01941447490384993,
            -0.023691106542248593,
            0.0010837965527846904,
            0.01007538397470148,
            -0.4445770489444646
        ]
    },
    "high_rt":{
        "leaves":[-0.879, -0.5, -0.027, 0.423, 1.034, 1.8, 2.783],
        "params":[
            [
                1.710443974836494,
                0.06561828630480093,
                0.5567085068724111,
                0.44200049440470934,
                -0.06126534250286397,
                -0.08261245073650159
            ],
            [
                2.0055760614972087,
                0.11062896893212404,
                0.5799377797110026,
                0.41845531443729556,
                -0.03715455248305588,
                -0.16703199412522096
            ],
            [
                2.8567438564709136,
                0.1000902259278047,
                0.6159162780860683,
                0.4028712655776836,
                -0.0744382859297037,
                -0.142590920913781
            ],
            [
                2.9471082335572873,
                0.06445698694488122,
                0.5767803479660358,
                0.36916834634448037,
                -0.034095461413039985,
                -0.15007839563885206
            ],
            [
                2.9830453588353123,
                0.10474061219219788,
                0.6301573202080988,
                0.31299553992546336,
                -0.07593838446461776,
                -0.13178530340487882
            ],
            [
                2.6390241444736375,
                0.030423228286668547,
                0.6446730329915624,
                0.2749083551301865,
                -0.026041611319365998,
                -0.060653597137969584
            ],
            [
                1.293405662183801,
                -0.01681791258969767,
                0.654524958363794,
                0.19403527338189264,
                -0.02882161246684678,
                0.08758142995491625
            ],
            [
                1.206514126597071,
                0.0667980754647517,
                0.7514611174197512,
                0.1370201640398001,
                -0.06223972079698514,
                0.05184651413226149
            ]
        ]
    }
}