{
    "Fish and Wildlife Pond": {
        "params": [
            -0.004122276550056302,
            0.19766506716596263,
            -0.14175126515895578,
            1.0059393068465137,
            0.14405719187259108,
            -0.16010566398000425,
            -0.08019811714219884,
            0.039384710328318646,
            -0.000267697655098608,
            -3.347092619975919e-07,
            -0.0017192826628883429,
            0.0005326151511775222,
            0.006864115719819387,
            0.0163928370018684,
            0.033551169331885136,
            0.024207405517940834,
            0.0180546595850524,
            0.0028835182216355956,
            -0.0012381215213658247,
            -0.0009560397229933267
        ]
    },
    "Flood Control": {
        "params": [
            0.00988133742636083,
            -0.06462369704496206,
            -0.07700587732316057,
            0.664030214409907,
            0.07484102121996634,
            -0.020429718003411916,
            0.2650610070721206,
            0.1360610035700917,
            -7.147171067080686e-05,
            5.146329246188815e-07,
            0.0038741652281411736,
            0.015607475316788076,
            0.026590841757687427,
            -0.040340936122866065,
            -0.036654997658280786,
            -0.0061645963682787274,
            -0.011292428363270485,
            -0.019247983942266744,
            -0.00409475188914014,
            0.0022368871467286465
        ]
    },
    "Hydroelectric": {
        "params": [
            0.000845193867985237,
            0.14257674970241288,
            0.047882274777497,
            0.6655427245922241,
            -0.030292971386057837,
            -0.13025644155735777,
            0.25269641826173994,
            0.037112052089323236,
            0.00029474849671280804,
            1.0117083342337158e-06,
            0.0233694533501644,
            0.022545477790667585,
            0.011948242346842103,
            0.012897075426493243,
            0.003305262941579486,
            0.006463824145898366,
            -0.004352110591824917,
            -0.019261231132538546,
            -0.010619379426911373,
            -0.0067545572516740275
        ]
    },
    "Irrigation": {
        "params": [
            -0.007993619396963955,
            0.04833509965353526,
            0.23341656089928012,
            1.0385431388465265,
            -0.2355043994965842,
            -0.1477027064540741,
            -0.061916435190032156,
            0.11243518094263384,
            -0.000644284175584977,
            -4.3014171146959186e-07,
            0.007697258174043589,
            0.010921492802344805,
            0.02374096048156012,
            0.02087434172438424,
            0.027095667384619392,
            0.032970822270865174,
            0.022630127204516456,
            0.003715383983011564,
            -0.0023699828829619476,
            -0.0019663453583666246
        ]
    },
    "Water Supply": {
        "params": [
            0.0013893646532849113,
            0.31666341201048315,
            -0.02792363547158215,
            0.8910128665764635,
            0.04311379543788614,
            -0.21746572086656574,
            0.0324110150081399,
            -0.02018425650014508,
            1.6110745864188683e-05,
            1.0581811096377274e-08,
            -0.005353167271412273,
            -0.005997445930687421,
            0.001731243573867401,
            0.006961279371279605,
            0.01871592877238914,
            0.010102431865461801,
            0.0072087758463410985,
            -0.0015188068884325208,
            -0.0008847617343573416,
            -0.00020026513347370356
        ]
    }
}