{
    "high_rt": {
        "leaves": [
            -0.7402857249720192,
            -0.28838206833697944,
            0.16787637253048854,
            0.6946025391691464,
            1.4376689085389323,
            2.599460387637219,
            4.591511790390846
        ],
        "params": [
            [
                -0.008600777313359967,
                0.04949912290579507,
                0.40247612290171486,
                0.47320335819371684,
                0.021617158583127266,
                -0.0439214219619081,
                -0.037022818279122696,
                -0.04113654957711821,
                -0.042998122879662495,
                -0.013948294843515535,
                -0.02793021458400366,
                -0.013060142569895045,
                0.024328668162032413,
                0.061350295966924775,
                -0.019228197526718324,
                -0.050594228386734066,
                -0.05818440945296843,
                -0.05764420799764922
            ],
            [
                0.01872438398718967,
                0.04712607710333164,
                0.598919509639869,
                0.3623813553542642,
                0.022666601951077114,
                -0.055691384118139564,
                0.015778802425827784,
                0.021112524892585083,
                0.026633429058875696,
                0.03788461730419376,
                0.03667656910294784,
                0.03457627758893608,
                0.04462605778211903,
                0.051845192924308066,
                0.01978310060841626,
                -0.0023839143471681423,
                0.013961900439581676,
                0.02044220520545146
            ],
            [
                0.04891479897165268,
                0.053774831880638946,
                0.6848967261310162,
                0.2129171195572368,
                0.014475450236238169,
                -0.041901899346928895,
                0.025414481982423465,
                0.0125222053893147,
                0.03206856526057171,
                0.033677442790641665,
                0.024106183167020206,
                0.026620198015454677,
                0.02518917578599808,
                0.03125797580941386,
                0.00991558802570433,
                -0.008910377296054053,
                0.009507308584362884,
                0.025243389301091216
            ],
            [
                0.06881383578377015,
                0.05903056235388443,
                0.6983482681589208,
                0.21267302277715078,
                0.057580564569556514,
                -0.08935558286434109,
                0.020101693194845106,
                0.022221659533614546,
                0.07787382931726056,
                0.07931023882420923,
                0.06261187610029627,
                0.035184131110575514,
                0.038817348879525454,
                0.0342765110440766,
                0.026345077543842355,
                0.003952903738758201,
                -0.004344810825749057,
                0.017244527106716912
            ],
            [
                0.0255763396546347,
                0.06632356379153681,
                0.8195179361263822,
                0.09186758484301405,
                0.06645973596857155,
                -0.09713189306191483,
                0.018089295606848677,
                0.030068452716861677,
                0.05246962224916708,
                0.08916970503102363,
                0.06962569782342017,
                0.05370395161329971,
                0.04068308086059712,
                0.02971751006614096,
                -0.01638720488683962,
                -0.04280623873358364,
                -0.027406790490492466,
                -0.01477666072624112
            ],
            [
                0.045554231356598834,
                0.10385427490082179,
                0.9770101081706977,
                -0.02738609534819167,
                0.09515139419632845,
                -0.10996182232621221,
                -0.02842961651568431,
                0.003714277986869241,
                -0.03204262122129215,
                -0.07091949427959214,
                -0.04719524365648517,
                -0.0967854514230778,
                -0.09359159484429652,
                -0.014922641316855185,
                0.007935840439230665,
                0.05376932354501334,
                0.06411404916147334,
                0.0031547345409082238
            ],
            [
                0.2169044424616722,
                0.034079687018009175,
                0.9384830063757167,
                -0.09042756684766712,
                0.2339564774892123,
                -0.1659253415241394,
                0.011696746970857968,
                -0.44910393219819156,
                0.15393764474312285,
                0.24462295137854206,
                0.18987692126800879,
                0.1684639748444979,
                0.2335631471649971,
                0.19114244234239072,
                0.44463123480117256,
                0.2764896956779978,
                -0.5764324847131053,
                0.01982311916030903
            ],
            [
                0.05764759365852915,
                0.09114862968016187,
                0.997105795606152,
                -0.08322788144659257,
                0.15591591417791972,
                -0.19620684391265142,
                -0.017668080190764747,
                -0.648634844213568,
                0.03994480567328877,
                0.14513685475438273,
                0.12840135439417483,
                0.12238016722132683,
                0.2283430731766516,
                -0.2251189929511162,
                -0.07232362207540788,
                0.02400767113262383,
                -0.3099057728105171,
                -0.022613031749685444
            ]
        ]
    },
    "ror": {
        "params": []
    },
    "low_rt": {
        "params": [
            0.0007891823243666537,
            0.35249065610758745,
            0.043863792286152246,
            0.7881676680923798,
            -0.03524035964073213,
            -0.2794863734253429,
            0.08456774385146174,
            0.048992826428037366,
            -0.00067172548553771,
            -0.00020713690119278028,
            -0.0029421489195307,
            -0.0014888417739211657,
            0.005942991203662093,
            2.3475195879735153e-06,
            1.4806759463129436e-05,
            0.004485276459410631,
            0.00026747451534200347,
            -0.0047796991239928855,
            -0.003027868634730416,
            -0.0018407016805123961
        ]
    }
}