{
    "high_rt": {
        "leaves": [
            -0.5731689508451845,
            -0.22105244183360567,
            0.16951556032952875,
            0.6582832795313583,
            1.6430591412264226,
            3.23532942422429,
            6.976006092138036
        ],
        "params": [
            [
                0.7142979333615345,
                0.10838020382837144,
                0.459723554674412,
                0.516934353033405,
                0.0038084566007039466,
                -0.12059658211238578
            ],
            [
                0.698762033360719,
                0.12533875263152972,
                0.7690370985645956,
                0.20284609585864022,
                -0.022144720505298143,
                -0.10086104132946971
            ],
            [
                0.7122174055487829,
                0.15887697804059941,
                0.7828040402920906,
                0.1841347592886302,
                -0.027273841383485986,
                -0.12444714189831974
            ],
            [
                0.6622219440581247,
                0.1269393580192162,
                0.8738545484120053,
                0.10509235478005774,
                0.004140761567224871,
                -0.11986534485914646
            ],
            [
                0.6582620882020613,
                0.039000236986028725,
                0.9081150836877505,
                0.0884070680880642,
                0.07827487370133568,
                -0.11187578189016811
            ],
            [
                0.7837978054160626,
                0.016612345749097646,
                1.0547014585659982,
                -0.03698043879930668,
                0.11594246304349021,
                -0.13542274639315321
            ],
            [
                0.16606780854504777,
                0.12174830789738333,
                0.9423479579063043,
                0.004554763736682066,
                0.15111434102803023,
                -0.19114204819021552
            ],
            [
                0.12307159988766969,
                0.4115086807929229,
                0.5846626572608713,
                0.2930031253979788,
                0.232862380931675,
                -0.4968141240682522
            ]
        ]
    },
    "ror": {
        "params": [
            2.1460877169541835e-14,
            0.8708321736695401,
            0.036909900179337776,
            0.10682870194395618,
            -0.0335027148665971,
            -0.0991698566345608,
            0.08311910462956196,
            0.03830552897766286
        ]
    },
    "low_rt": {
        "params": [
            7.054144202377847e-16,
            0.21842985517935473,
            -0.045359905283071635,
            0.9241184673298825,
            0.06122229819818474,
            0.17036584281555112,
            -0.24240760251623855,
            -0.07377236561629963
        ]
    }
}