{
    "high_rt": {
        "leaves": [
            -0.8941791742843426,
            -0.3486623626072674,
            0.0522639921018253,
            0.5962426074281774,
            1.2834616201166082,
            2.117428316155162,
            3.3927053926408814
        ],
        "params": [
            [
                0.003941090366585312,
                0.05992892246959307,
                0.5212929186674451,
                -0.07294005718068489,
                0.37175372376372584,
                0.09170929730105157
            ],
            [
                0.004815017129507,
                0.03393938643372631,
                0.6554625499897373,
                -0.014270268836034564,
                0.2899945362872196,
                0.011773409560382309
            ],
            [
                0.008142463882250112,
                0.000814385537836566,
                0.6634323440782162,
                -0.0036779498546128607,
                0.2515552503186734,
                0.003303256686677407
            ],
            [
                -0.013903262976436417,
                0.04550270287981908,
                0.7880912609636339,
                -0.004345735426770997,
                0.18154429686523177,
                0.0010653781147385716
            ],
            [
                -0.01826256773227391,
                0.02289469738348655,
                0.8023697287284461,
                0.00959377236649285,
                0.16706737930725213,
                -0.01598756823399713
            ],
            [
                -0.01927137190986944,
                0.01611161277161995,
                0.7795246007823531,
                0.005054536225131953,
                0.18237361945622343,
                -0.00768379490650202
            ],
            [
                0.0033216405118892053,
                -0.00263025516700878,
                0.8429652641617151,
                0.01916277145141084,
                0.1446851602286272,
                -0.02281091248832594
            ],
            [
                -0.007326080246750159,
                0.009329805283213928,
                0.6504429158660399,
                0.022316326630693106,
                0.3475262002138044,
                -0.048225723016810884
            ]
        ]
    },
    "ror": {
        "params": []
    },
    "low_rt": {
        "params": [
            -2.2477500249899583e-12,
            0.9008003277895501,
            0.019092605962692723,
            0.08433110847465106,
            -0.0035708046368269153,
            0.002067409516244684,
            2.704664923036777e-07,
            0.014695065910006674
        ]
    }
}