{
    "high_rt": {
        "leaves": [
            -0.8793716040770815,
            -0.5000093475897834,
            -0.02692310062925315,
            0.42286071571264916,
            1.0338063207322128,
            1.8004005905601452,
            2.782862092420095
        ],
        "params": [
            [
                1.4439164601244556,
                0.06524819906717161,
                0.623600565591433,
                0.3520585928212894,
                -0.07148300933818486,
                -0.004462416165227523,
                0.0752459276724889,
                -0.017400624804908116,
                -0.09068436339402064,
                -0.10884127500102547,
                -0.054623127185058795,
                0.06050808958656673,
                0.15616130200263934,
                0.37800499944353083,
                0.0922069231466367,
                0.1856752592675739,
                0.0781305855236476,
                0.041666486199815056
            ],
            [
                1.8820583955434227,
                0.1427408598189392,
                0.5055704377670502,
                0.3631327591061946,
                -0.08642103445680055,
                -0.07016630151337315,
                -0.044524673850838116,
                -0.10839162196609786,
                -0.21472704960937938,
                -0.23763837708062807,
                -0.16896013882217192,
                -0.059756230659832155,
                -0.037162242748423946,
                0.06939911788191577,
                -0.018308295625316495,
                0.05022713993391964,
                0.02544285871929247,
                -0.01420173066870134
            ],
            [
                2.8502121324212837,
                0.07578475190202161,
                0.5339752879924831,
                0.36158856617515056,
                -0.05968152105006008,
                -0.0451869006101317,
                -0.06861038909484524,
                -0.14011506114644723,
                -0.22834786817955965,
                -0.2871309521376011,
                -0.13988816135563997,
                -0.021767472671010535,
                0.0032851213510243227,
                0.09832479052819698,
                0.05818008772831096,
                0.06632135514665372,
                0.03408080070333552,
                -0.0023358189380635608
            ],
            [
                2.7894253088132093,
                0.05323429898968163,
                0.5687157730161381,
                0.3379705133604636,
                -0.02821314301595465,
                -0.06313455608715393,
                -0.0559484150006737,
                -0.1139844842211104,
                -0.18900158836300912,
                -0.26183645729546945,
                -0.13289640908108305,
                -0.02066013075281596,
                -0.026378870906384744,
                0.07599461079678091,
                0.08310872995100216,
                0.09023572170183483,
                0.055838522088542314,
                0.02649024760216201
            ],
            [
                2.8585194922087993,
                0.070550393837707,
                0.589348244530397,
                0.29894418497046704,
                -0.04638105184656072,
                -0.05374497483898841,
                -0.06230742248610453,
                -0.1382355677737529,
                -0.2031709553285943,
                -0.20641053074197768,
                -0.11739955311097283,
                -0.032154301060948354,
                0.008074011556389593,
                0.10621063402175002,
                0.0826603128393475,
                0.10662194521516266,
                0.05730772437106224,
                0.032385439503892166
            ],
            [
                2.5878246470223445,
                0.019103358091813183,
                0.5974786212650018,
                0.27535109168790006,
                -0.011654696780516782,
                -0.00824988703108874,
                0.005190807309317591,
                -0.16723983602274417,
                -0.19932711787998292,
                -0.15505961379547162,
                -0.0958586570198885,
                -0.08704166120907403,
                0.025258724064709304,
                0.13019892743464268,
                0.12311416944468023,
                0.1311383041414289,
                0.05854096825287314,
                0.08615877197454125
            ],
            [
                1.3869968268157695,
                0.01780227877531937,
                0.6784777398004995,
                0.2019078030656214,
                -0.06554869337229619,
                0.09420448916196675,
                -0.0881991204788682,
                -0.13172049009947429,
                -0.20771949142448032,
                -0.24617502425658933,
                -0.13917418876288834,
                -0.1944403666039781,
                -0.03826714114819932,
                -0.19290233626026188,
                -0.027642823158541774,
                -0.09304094668102031,
                -0.023958080522554603,
                0.04136142947478172
            ],
            [
                1.2469496308544343,
                0.21813265022012407,
                0.6634418294014042,
                0.11826626372087556,
                -0.2347058769226159,
                0.04952895856991382,
                0.4555292115659682,
                0.48159902920087905,
                0.3407398201227132,
                0.20684504632479195,
                0.23233340873386232,
                0.07071456076154214,
                0.350637023706103,
                0.12229948077623676,
                0.20815152339942233,
                0.09732758068774772,
                0.3746628973700248,
                0.5276171382585104
            ]
        ]
    },
    "ror": {
        "params": [
            -0.0005285062037188063,
            1.3785847405927725,
            0.1427816347648406,
            0.018835156681939094,
            -0.022878670352612877,
            0.00942586443693729,
            0.0035358510379265616,
            -0.44467052631540105,
            0.00012495157858645643,
            0.00021951024297218286,
            1.7545119738803656e-05,
            -0.006102578433172992,
            0.004971490886732564,
            -0.0065213347345159794,
            -0.005160845566087395,
            -0.0021872266786299296,
            7.523676425591232e-05,
            0.0011074668003157424,
            0.01292336670562167,
            0.006385218347708403
        ]
    },
    "low_rt": {
        "params": [
            0.0005285062057074627,
            0.909644068095499,
            0.17532495640710288,
            0.31983803475063166,
            -0.09242967501759468,
            0.013347780332865329,
            0.038242048428800746,
            -0.3031139437176621,
            0.024463854334942522,
            0.017769838026072085,
            0.00023523736012015728,
            -0.05960383011934032,
            -0.03412213355482625,
            -0.02776633429349797,
            -0.01913359913043857,
            -0.011208278901840568,
            -0.0002098291446228886,
            0.011374467415237424,
            0.04357061493816579,
            0.045204772671094844
        ]
    }
}