{
    "high_rt": {
        "leaves": [
            -0.8793716040770807,
            -0.5000093475897802,
            -0.026923100629273104,
            0.4228607157126478,
            1.033806320732209,
            1.8004005905601486,
            2.782862092420109
        ],
        "params": [
            [
                1.7108757955016927,
                0.06536574443312304,
                0.5565597987592668,
                0.4420293364019585,
                -0.061018379780310994,
                -0.08262336794939529
            ],
            [
                1.999242146312156,
                0.11164374677575495,
                0.5792536353987856,
                0.41825056129244587,
                -0.03808712212180687,
                -0.1661233430859106
            ],
            [
                2.8545834349449137,
                0.10031855807819268,
                0.6152089526406925,
                0.40280037294141025,
                -0.07461365086378402,
                -0.1423564346701145
            ],
            [
                2.9492093011103293,
                0.06411352294794881,
                0.5775188733996117,
                0.3692498007038978,
                -0.033848987618637416,
                -0.1502730910999528
            ],
            [
                2.9814014913145,
                0.10482791899638144,
                0.6302160135440573,
                0.3129921820496655,
                -0.07592441978767628,
                -0.1316082147553299
            ],
            [
                2.6401264930170214,
                0.030533323363119536,
                0.6449366935213305,
                0.274891157103319,
                -0.026263948899872602,
                -0.06080306993349183
            ],
            [
                1.2946898790885655,
                -0.016878076940086473,
                0.6548509876122637,
                0.19399057348636006,
                -0.028957739963905382,
                0.08739419780689417
            ],
            [
                1.2060494846484033,
                0.06686151056616252,
                0.7510533886941353,
                0.13722543731448766,
                -0.061960290926326156,
                0.05205745274613971
            ]
        ]
    },
    "ror": {
        "params": [
            -5.088360466176787e-14,
            1.3796956074769624,
            0.14304127764201732,
            0.01941447517116075,
            -0.02369109383696201,
            0.0010842283461683074,
            0.01007498680700896,
            -0.4445770500177173
        ]
    },
    "low_rt": {
        "params": [
            9.049856554436312e-13,
            0.9292549269401864,
            0.17208516043167002,
            0.32574721972939324,
            -0.09922133835319077,
            0.0017232356795919158,
            0.04780937420566937,
            -0.3190625815040575
        ]
    }
}