{
    "high_rt": {
        "leaves": [
            -0.6755608794658424,
            -0.2332320972694884,
            0.2371487785221905,
            0.8463610495408299,
            1.5771378362186659,
            2.715999291493246,
            4.591511790390846
        ],
        "params": [
            [
                -0.003139887588972101,
                0.059514024378102603,
                0.43036457202480705,
                0.5024322960050818,
                0.009731006261121777,
                -0.0347442568908507
            ],
            [
                0.09668418960726921,
                0.07208877830166616,
                0.635348102655179,
                0.3195153713154908,
                0.007119783712443706,
                -0.0627197182852699
            ],
            [
                0.086209819334087,
                0.07214562693523813,
                0.7501971118839972,
                0.15986739956179807,
                -0.0032280467700691595,
                -0.043514100447277215
            ],
            [
                0.18180077935911898,
                0.06494046229567374,
                0.7868202243766937,
                0.16057090814286445,
                0.06967510697661794,
                -0.10659548402974384
            ],
            [
                0.32315963821138066,
                0.05058440868181881,
                0.8829798487869791,
                0.07110661210391198,
                0.12580806028824298,
                -0.1460310443868229
            ],
            [
                0.3410732332831845,
                0.05832198904074287,
                1.080638657371702,
                -0.11277546821951212,
                0.11900511643374284,
                -0.14237187559701625
            ],
            [
                0.2084096571424332,
                0.03317451119506082,
                0.9804309213035014,
                -0.07374673914409657,
                0.24166575159153614,
                -0.1804832397917202
            ],
            [
                0.1262835896576595,
                0.08961285579444406,
                1.0072987213096205,
                -0.07136495359505879,
                0.15280254644762437,
                -0.18933642246634985
            ]
        ]
    },
    "ror": {
        "params": []
    },
    "low_rt": {
        "params": [
            -6.158307755042859e-13,
            0.35954353639942904,
            0.06160508853341635,
            0.8018626603080242,
            -0.0532245659521745,
            -0.41235382036946777,
            0.18568543896511866,
            0.06279224647885868
        ]
    }
}